sample_ID	lineage	proportion	coverage
KELKZJ.p1800	BA.2.86* BA.2.86X	0.9999999999998804	17.643714677457112
KD5UTX.p1800	BA.2.86* BA.2.86X	0.9999999999997298	7.477510617663779
