sample_ID	lineage	proportion	coverage
Y5EC7M.p1823	BA.2.86* BA.2.86X	0.9999999999998941	10.189613082299434
BK3XCF.p1823	BA.2.86* BA.2.86X	0.999999993631808	9.039226833428085
