sample_ID	variant	proportion	coverage
EJT9L3.p1834	JN.1.2	0.25	11.453700297629
EJT9L3.p1834	JN.1.1.1	0.25	11.453700297629
EJT9L3.p1834	JN.1.1	0.25	11.453700297629
EJT9L3.p1834	JN.1	0.25	11.453700297629
SKCTY7.p1834	JN.1	0.2	5.975989031200883
SKCTY7.p1834	JN.1.1.1	0.2	5.975989031200883
SKCTY7.p1834	JN.1.1	0.2	5.975989031200883
SKCTY7.p1834	JN.1.2	0.2	5.975989031200883
SKCTY7.p1834	JN.10	0.2	5.975989031200883
