sample_ID	variant	proportion	coverage
N8YJPL.p1839	JN.1	1.0	16.015115540246796
CZNT2T.p1839	JN.1	0.2	8.591111259739826
CZNT2T.p1839	JN.1.1.1	0.2	8.591111259739826
CZNT2T.p1839	JN.1.1	0.2	8.591111259739826
CZNT2T.p1839	JN.1.2	0.2	8.591111259739826
CZNT2T.p1839	JN.10	0.2	8.591111259739826
ZWA52B.p1839	XDD	0.25	5.514496873223423
ZWA52B.p1839	JN.1.1	0.25	5.514496873223423
ZWA52B.p1839	JN.1.2	0.25	5.514496873223423
ZWA52B.p1839	JN.1	0.25	5.514496873223423
