sample_ID	lineage	proportion	coverage
EJT9L3.p1834	BA.2.86* BA.2.86X	0.9999999999996378	11.453700297629
HP8C6R.p1834	BA.2.86* BA.2.86X	0.9999999999997049	6.808681403203692
XP4MZB.p1834	BA.2.86* BA.2.86X	0.9999999999999538	7.9657559442196435
SKCTY7.p1834	BA.2.86* BA.2.86X	0.9999999999987004	5.975989031200883
S37GSD.p1834	BA.2.86* BA.2.86X	0.9545454545504425	7.012674313614019
S37GSD.p1834	Other	0.04545454545478296	7.012674313614019
BR9SMX.p1834	BA.2.86* BA.2.86X	0.9999999994438619	5.096478614185868
