sample_ID	lineage	proportion	coverage
QY9WDF.p1838	BA.2.86* BA.2.86X	0.9999999999891427	5.310503962813096
DZLW3Q.p1838	BA.2.86* BA.2.86X	0.9999999999998896	5.588068086814032
PZW7P7.p1838	BA.2.86* BA.2.86X	0.999999999999977	5.624853693609337
L6G3A4.p1838	BA.2.86* BA.2.86X	0.9999999999996139	5.621509547537037
