sample_ID	variant	proportion	coverage
PZW7P7.p1838	JN.1.2	0.33333333	5.624853693609337
PZW7P7.p1838	JN.1.1	0.33333333	5.624853693609337
PZW7P7.p1838	JN.1	0.33333333	5.624853693609337
L6G3A4.p1838	JN.1	0.25	5.621509547537037
L6G3A4.p1838	JN.1.1.1	0.25	5.621509547537037
L6G3A4.p1838	JN.1.1	0.25	5.621509547537037
L6G3A4.p1838	JN.1.2	0.25	5.621509547537037
