sample_ID	lineage	proportion	coverage
FBC47A.p1831	BA.2.86* BA.2.86X	0.9999999999997258	9.186369260609304
HQTPDK.p1831	BA.2.86* BA.2.86X	0.9999999999788678	10.092632846202722
FS4NH7.p1831	BA.2.86* BA.2.86X	0.9999999999999876	12.396749490017724
