sample_ID	variant	proportion	coverage
YYBAEQ.p1845	KP.2.3.1	0.571429	6.039527806574591
Q62C6A.p1845	KP.2.3	0.3125	6.093034143731399
Q62C6A.p1845	KP.2.3.1	0.3125	6.093034143731399
