sample_ID	lineage	proportion	coverage
YYBAEQ.p1845	KP.2* KP.2.X	0.7662339962190904	6.039527806574591
YYBAEQ.p1845	BA.2.86* BA.2.86.X	0.15584399681184302	6.039527806574591
YYBAEQ.p1845	KP.3* KP.3.X	0.07792199840592152	6.039527806574591
Q62C6A.p1845	KP.2* KP.2.X	0.6250000004611039	6.093034143731399
Q62C6A.p1845	BA.2.86* BA.2.86.X	0.34342103284575104	6.093034143731399
Q62C6A.p1845	JN.1.18* JN.1.18.X	0.027631577355405237	6.093034143731399
Q62C6A.p1845	Other	0.003947368193629319	6.093034143731399
