sample_ID	lineage	proportion	coverage
B36R3B.p1850	BA.2.86* BA.2.86.X	0.787878722272964	6.755175066046885
B36R3B.p1850	KP.2* KP.2.X	0.08617425415818955	6.755175066046885
B36R3B.p1850	JN.1.7* JN.1.7.X	0.05303031025119358	6.755175066046885
B36R3B.p1850	KP.3* KP.3.X	0.04640152146979438	6.755175066046885
B36R3B.p1850	JN.1.18* JN.1.18.X	0.026515155125596785	6.755175066046885
