sample_ID	variant	proportion	coverage
QQCSW7.p1854	KP.2.3.1	0.243243	5.514496873223423
C5VA3Y.p1854	KP.3.1	1.0	5.852255626525767
