sample_ID	variant	proportion	coverage
Q6MLVP.p1856	KP.3.3	0.340426	6.270273885563322
FXXL4N.p1856	KP.2.10	1.0	6.25689730127412
STN934.p1856	KP.2.3.1	1.0	5.089790322041266
