sample_ID	lineage	proportion	coverage
YG3BEF.p1788	BA.2.86* BA.2.86X	0.9999999999977496	10.744741330301308
