sample_ID	variant	proportion	coverage
KELKZJ.p1800	JN.1.2	0.5	17.643714677457112
KELKZJ.p1800	JN.1	0.5	17.643714677457112
KD5UTX.p1800	JN.1	1.0	7.477510617663779
