sample_ID	lineage	proportion	coverage
E4W7SA.p1826	BA.2.86* BA.2.86X	1.0000000000005558	5.210179580644082
WPX6S7.p1826	BA.2.86* BA.2.86X	0.9999999999978839	7.233387954385847
DQ6VB8.p1826	BA.2.86* BA.2.86X	0.9999999981466062	8.868675383740761
