sample_ID	lineage	proportion	coverage
HCWZBL.p1835	BA.2.86* BA.2.86X	0.9999999999998994	7.86543156205063
JBCFPC.p1835	BA.2.86* BA.2.86X	0.999999999999964	5.80209343544126
D4QJ7R.p1835	BA.2.86* BA.2.86X	0.9999999999999747	16.861184496538808
